"50485","test","27203","45468","89363"
"45468","test","4795"
"46394","test","10250","32587","48109"
"84503","test","67307","70530","82220"
"23918","test","23105","29045","87411"
"36014","test","31759","45209","81891"
"82520","test","10372","29500","83155"
"82223","test","27391","57492","102233"
"102948","test","23915","84227","96283"
"8114","test","25003","41192","80007"
"59164","test","12483","31159","72084"
"5379","test","10841","47291","91077"
"29011","test","36971","48755","81256"
"72008","test","23808","45721","91055"
"38321","test","4205","54380","92130"
"91595","test","22341","57401","81492"
"34266","test","29630","59435","100509"
"57409","test","18374","62833","81900"
"22343","test","11294","34871","90751"
"18484","test","6215","27309","88933"
"33860","test","24301","53601","84121"
"12481","test","3021","55843","93047"
