"test","TEST","27203","32563","45468","50485","61704","71982","89363"
"test","TEST_290","6385","24252","91695"
"test","TEST_283","7277","8475","32425","48587","67767","77107","90944","93513","95979","101195"
"test","TEST_968","3341","3497","3690","3788","12744","16428","39425","41274","50439","51787","52867","74256","83678","92428"
"test","TEST_511","11284","34773","44067","57471","86562"
"test","TEST_271","54436","84327"
"test","TEST_23","6971","8810","29500","41730","43108"
"test","TEST_173","763","53746","70168"
"test","TEST_63","2883","11057","27857","33238","43669","49671","49689","62333","64977","71359","97181","99550","100402"
"test","TEST_723","11365","24694","28183","28362","43904","45021","47891","49440","52221","59232","66484","66571","78974","84002","84640"
"test","TEST_739","1455","20422","29950","39326"
"test","TEST_919","40540","57559"
"test","TEST_334","11050","16998","19974","20539","28649","28757","44054","44069","49812","54710","57314","64871","65900","84619","84844","87129"
"test","TEST_560","4442","18052","43273","51127","63016","81301","82865","88973"
"test","TEST_385","7668","18561","19621","20162","26271","32073","33632","37048","38730","43602","43964","60425","68244","68790","73994","83387"
"test","TEST_814","313","4590","24223","36090","39370","48492","67170","69086","73511","93616","93790","97883"
"test","TEST_941","17179","29594","34571","40275","52977","63799","75149","97025"
"test","TEST_142","10381","16954","18362","24885","48781","60350","83199","83513"
"test","TEST_613","1440","7837","20893","22754","23595","24739","24827","53399","65762","68348","82129","89236","95890","102686"
"test","TEST_700","752","13447","15231","20766","31092","43722","46190","48822","51421","54898","57613","61371","64142","66716","81180","98992"
"test","TEST_140","37031","54613","75003","90530","99832"
"test","TEST_806","25174","31291","58903","66725","71739","77754","99301"
"test","TEST_316","8859","11138","12438","13904","18880","50202","79976"
"test","TEST_661","40263","83254","97197"
"test","TEST_106","1176","1243","8928","15453","38421","43659","46603","50627","53271","54778","63970","68112","71243","73666","75500","91550"
"test","TEST_683","1894","5519","6593","18449","34292","36535","56465","56771","62947","73602","79392","90281","91166","92901","95166","96094"
"test","TEST_12","33","9589","29086","36740","38991","55361","57594","63799","77095","88431","88788","90157","102677"
"test","TEST_162","2028","6519","7644","17424","27594","37368","40008","45774","55084","57517","89047","102844"
"test","TEST_817","7490","53747","78384"
"test","TEST_779","71756"
"test","TEST_498","7093","9007","16910","24872","27401","31001","57278","69812","69908","72306","85989","90224","98094"
"test","TEST_400","2126","7193","8254","18085","19979","20249","33820","51397","52985","82919","94963","102727"
"test","TEST_857","16034","31042","36160","45628","48556","51988","56758","57062","57825","58348","63533","67068","70691","74582","75335","91957","96219","97133"
"test","TEST_138","7084","13088","32667","36260","51589","64128","67246","71608","81096"
"test","TEST_826","13736","23041","34112","53747","65083","88187","90683","90923","91553"
"test","TEST_499","9988","39525","48297","48803","56509","59405","76257"
"test","TEST_534","25221","25829","38780","55850","58281"
"test","TEST_350","25330","37228","52126","65108","83995","88245","96133"
"test","TEST_383","21501","26398","28269","46078","57906","58649","58762","69743","78194","81602"
"test","TEST_804","27649","37388","53691","69761","73529","82789","94684"
"test","TEST_932","7359","14595","18512","33332","48340","66191","69257","69296","90474"
"test","TEST_366","62818","89160"
"test","TEST_594","4659","14478","17611","22742","27522","27740","42759","43713","44727","50109","72853","79275","80067","81196","96891","101286"
"test","TEST_822","464","16152","17180","22755","25904","56767","74826","81415","84285","85937","98647","102017"
"test","TEST_921","11016","42865","49978","53155","84043","102517"
"test","TEST_620","4795","5610","13438","14017","35632","52146","58778","67612","71769","72034","94194"
"test","TEST_928","12897","24428","31274","34443","37578","42668","47763","52348","57065","62015","80952","81859","81943","84969","87849","102270"
"test","TEST_911","40408","42946","47949","68364","80304"
"test","TEST_89","51397","86944","96609","96896"
"test","TEST_866","2247","4736","9020","11268","22088","41071","53719","89587","91635"
"test","TEST_862","6279","8190","8667","40128","58297","71386","78121","87122","92354"
"caccona","CIAO","17909","18210"
